city,district,year,cases
臺北市,中山區,97,244
臺北市,中正區,97,122
臺北市,信義區,97,209
臺北市,內湖區,97,341
臺北市,其他,97,5
臺北市,北投區,97,202
臺北市,南港區,97,78
臺北市,士林區,97,240
臺北市,大同區,97,100
臺北市,大安區,97,229
臺北市,文山區,97,262
臺北市,松山區,97,228
臺北市,萬華區,97,140
臺北市,中山區,98,331
臺北市,中正區,98,116
臺北市,信義區,98,196
臺北市,內湖區,98,369
臺北市,其他,98,6
臺北市,北投區,98,304
臺北市,南港區,98,102
臺北市,士林區,98,282
臺北市,大同區,98,99
臺北市,大安區,98,275
臺北市,文山區,98,262
臺北市,松山區,98,301
臺北市,萬華區,98,146
臺北市,中山區,99,168
臺北市,中正區,99,111
臺北市,信義區,99,115
臺北市,內湖區,99,259
臺北市,其他,99,16
臺北市,北投區,99,332
臺北市,南港區,99,90
臺北市,士林區,99,251
臺北市,大同區,99,78
臺北市,大安區,99,203
臺北市,文山區,99,251
臺北市,松山區,99,134
臺北市,萬華區,99,207
臺北市,中山區,100,186
臺北市,中正區,100,121
臺北市,信義區,100,153
臺北市,內湖區,100,267
臺北市,其他,100,18
臺北市,北投區,100,205
臺北市,南港區,100,72
臺北市,士林區,100,287
臺北市,大同區,100,71
臺北市,大安區,100,235
臺北市,文山區,100,326
臺北市,松山區,100,127
臺北市,萬華區,100,194
臺北市,中山區,101,188
臺北市,中正區,101,123
臺北市,信義區,101,130
臺北市,內湖區,101,241
臺北市,其他,101,5
臺北市,北投區,101,195
臺北市,南港區,101,73
臺北市,士林區,101,217
臺北市,大同區,101,58
臺北市,大安區,101,217
臺北市,文山區,101,272
臺北市,松山區,101,97
臺北市,萬華區,101,181
臺北市,中山區,102,152
臺北市,中正區,102,123
臺北市,信義區,102,152
臺北市,內湖區,102,314
臺北市,其他,102,0
臺北市,北投區,102,220
臺北市,南港區,102,84
臺北市,士林區,102,241
臺北市,大同區,102,108
臺北市,大安區,102,211
臺北市,文山區,102,191
臺北市,松山區,102,142
臺北市,萬華區,102,148
臺北市,中山區,103,49
臺北市,中正區,103,15
臺北市,信義區,103,22
臺北市,內湖區,103,37
臺北市,其他,103,0
臺北市,北投區,103,36
臺北市,南港區,103,13
臺北市,士林區,103,47
臺北市,大同區,103,24
臺北市,大安區,103,36
臺北市,文山區,103,35
臺北市,松山區,103,19
臺北市,萬華區,103,33
臺北市,中山區,104,18
臺北市,中正區,104,7
臺北市,信義區,104,11
臺北市,內湖區,104,10
臺北市,其他,104,0
臺北市,北投區,104,18
臺北市,南港區,104,5
臺北市,士林區,104,13
臺北市,大同區,104,15
臺北市,大安區,104,21
臺北市,文山區,104,15
臺北市,松山區,104,14
臺北市,萬華區,104,13
臺北市,中山區,105,22
臺北市,中正區,105,18
臺北市,信義區,105,29
臺北市,內湖區,105,24
臺北市,其他,105,0
臺北市,北投區,105,31
臺北市,南港區,105,13
臺北市,士林區,105,33
臺北市,大同區,105,17
臺北市,大安區,105,35
臺北市,文山區,105,39
臺北市,松山區,105,17
臺北市,萬華區,105,23
臺北市,中山區,106,21
臺北市,中正區,106,10
臺北市,信義區,106,20
臺北市,內湖區,106,12
臺北市,其他,106,0
臺北市,北投區,106,34
臺北市,南港區,106,8
臺北市,士林區,106,23
臺北市,大同區,106,15
臺北市,大安區,106,17
臺北市,文山區,106,15
臺北市,松山區,106,10
臺北市,萬華區,106,20
臺北市,中山區,107,20
臺北市,中正區,107,9
臺北市,信義區,107,14
臺北市,內湖區,107,17
臺北市,其他,107,0
臺北市,北投區,107,33
臺北市,南港區,107,12
臺北市,士林區,107,44
臺北市,大同區,107,7
臺北市,大安區,107,25
臺北市,文山區,107,28
臺北市,松山區,107,16
臺北市,萬華區,107,15
臺北市,中山區,108,23
臺北市,中正區,108,16
臺北市,信義區,108,21
臺北市,內湖區,108,25
臺北市,其他,108,0
臺北市,北投區,108,42
臺北市,南港區,108,12
臺北市,士林區,108,38
臺北市,大同區,108,13
臺北市,大安區,108,25
臺北市,文山區,108,29
臺北市,松山區,108,20
臺北市,萬華區,108,28
臺北市,中山區,109,8
臺北市,中正區,109,4
臺北市,信義區,109,15
臺北市,內湖區,109,6
臺北市,其他,109,0
臺北市,北投區,109,20
臺北市,南港區,109,4
臺北市,士林區,109,15
臺北市,大同區,109,7
臺北市,大安區,109,18
臺北市,文山區,109,14
臺北市,松山區,109,14
臺北市,萬華區,109,11
臺北市,中山區,110,2
臺北市,中正區,110,3
臺北市,信義區,110,4
臺北市,內湖區,110,4
臺北市,其他,110,0
臺北市,北投區,110,6
臺北市,南港區,110,0
臺北市,士林區,110,3
臺北市,大同區,110,6
臺北市,大安區,110,6
臺北市,文山區,110,4
臺北市,松山區,110,9
臺北市,萬華區,110,2
臺北市,中山區,111,7
臺北市,中正區,111,2
臺北市,信義區,111,5
臺北市,內湖區,111,6
臺北市,其他,111,0
臺北市,北投區,111,5
臺北市,南港區,111,0
臺北市,士林區,111,10
臺北市,大同區,111,1
臺北市,大安區,111,3
臺北市,文山區,111,11
臺北市,松山區,111,1
臺北市,萬華區,111,5
臺北市,中山區,112,12755
臺北市,中正區,112,7031
臺北市,信義區,112,12024
臺北市,內湖區,112,16257
臺北市,其他,112,0
臺北市,北投區,112,13233
臺北市,南港區,112,6956
臺北市,士林區,112,14319
臺北市,大同區,112,6185
臺北市,大安區,112,13604
臺北市,文山區,112,14230
臺北市,松山區,112,10165
臺北市,萬華區,112,8558
臺北市,中山區,113,138
臺北市,中正區,113,97
臺北市,信義區,113,205
臺北市,內湖區,113,135
臺北市,其他,113,0
臺北市,北投區,113,206
臺北市,南港區,113,79
臺北市,士林區,113,256
臺北市,大同區,113,86
臺北市,大安區,113,265
臺北市,文山區,113,86
臺北市,松山區,113,179
臺北市,萬華區,113,166
臺北市,中山區,114,22
臺北市,中正區,114,17
臺北市,信義區,114,36
臺北市,內湖區,114,37
臺北市,其他,114,0
臺北市,北投區,114,65
臺北市,南港區,114,22
臺北市,士林區,114,60
臺北市,大同區,114,15
臺北市,大安區,114,39
臺北市,文山區,114,32
臺北市,松山區,114,29
臺北市,萬華區,114,27
新北市,三峽區,100,37
新北市,三芝區,100,7
新北市,三重區,100,56
新北市,中和區,100,62
新北市,五股區,100,14
新北市,八里區,100,9
新北市,其他,100,0
新北市,土城區,100,38
新北市,坪林區,100,0
新北市,平溪區,100,0
新北市,新店區,100,52
新北市,新莊區,100,24
新北市,板橋區,100,71
新北市,林口區,100,9
新北市,樹林區,100,42
新北市,永和區,100,60
新北市,汐止區,100,18
新北市,泰山區,100,9
新北市,淡水區,100,22
新北市,深坑區,100,3
新北市,烏來區,100,0
新北市,瑞芳區,100,12
新北市,石碇區,100,1
新北市,石門區,100,1
新北市,萬里區,100,3
新北市,蘆洲區,100,8
新北市,貢寮區,100,0
新北市,金山區,100,4
新北市,雙溪區,100,0
新北市,鶯歌區,100,24
新北市,三峽區,101,45
新北市,三芝區,101,2
新北市,三重區,101,44
新北市,中和區,101,69
新北市,五股區,101,17
新北市,八里區,101,6
新北市,其他,101,0
新北市,土城區,101,33
新北市,坪林區,101,0
新北市,平溪區,101,2
新北市,新店區,101,25
新北市,新莊區,101,39
新北市,板橋區,101,75
新北市,林口區,101,6
新北市,樹林區,101,18
新北市,永和區,101,134
新北市,汐止區,101,32
新北市,泰山區,101,5
新北市,淡水區,101,26
新北市,深坑區,101,2
新北市,烏來區,101,3
新北市,瑞芳區,101,5
新北市,石碇區,101,1
新北市,石門區,101,2
新北市,萬里區,101,1
新北市,蘆洲區,101,27
新北市,貢寮區,101,1
新北市,金山區,101,3
新北市,雙溪區,101,1
新北市,鶯歌區,101,12
新北市,三峽區,102,29
新北市,三芝區,102,12
新北市,三重區,102,69
新北市,中和區,102,67
新北市,五股區,102,11
新北市,八里區,102,16
新北市,其他,102,0
新北市,土城區,102,37
新北市,坪林區,102,1
新北市,平溪區,102,0
新北市,新店區,102,34
新北市,新莊區,102,36
新北市,板橋區,102,64
新北市,林口區,102,8
新北市,樹林區,102,27
新北市,永和區,102,101
新北市,汐止區,102,39
新北市,泰山區,102,8
新北市,淡水區,102,26
新北市,深坑區,102,12
新北市,烏來區,102,1
新北市,瑞芳區,102,4
新北市,石碇區,102,3
新北市,石門區,102,3
新北市,萬里區,102,2
新北市,蘆洲區,102,26
新北市,貢寮區,102,4
新北市,金山區,102,5
新北市,雙溪區,102,3
新北市,鶯歌區,102,21
新北市,三峽區,103,36
新北市,三芝區,103,4
新北市,三重區,103,89
新北市,中和區,103,70
新北市,五股區,103,14
新北市,八里區,103,11
新北市,其他,103,0
新北市,土城區,103,32
新北市,坪林區,103,0
新北市,平溪區,103,0
新北市,新店區,103,44
新北市,新莊區,103,50
新北市,板橋區,103,66
新北市,林口區,103,2
新北市,樹林區,103,18
新北市,永和區,103,99
新北市,汐止區,103,36
新北市,泰山區,103,8
新北市,淡水區,103,41
新北市,深坑區,103,2
新北市,烏來區,103,1
新北市,瑞芳區,103,2
新北市,石碇區,103,0
新北市,石門區,103,2
新北市,萬里區,103,0
新北市,蘆洲區,103,37
新北市,貢寮區,103,1
新北市,金山區,103,1
新北市,雙溪區,103,0
新北市,鶯歌區,103,22
新北市,三峽區,104,12
新北市,三芝區,104,1
新北市,三重區,104,23
新北市,中和區,104,24
新北市,五股區,104,10
新北市,八里區,104,1
新北市,其他,104,0
新北市,土城區,104,10
新北市,坪林區,104,0
新北市,平溪區,104,0
新北市,新店區,104,29
新北市,新莊區,104,18
新北市,板橋區,104,30
新北市,林口區,104,6
新北市,樹林區,104,16
新北市,永和區,104,13
新北市,汐止區,104,16
新北市,泰山區,104,7
新北市,淡水區,104,11
新北市,深坑區,104,2
新北市,烏來區,104,2
新北市,瑞芳區,104,5
新北市,石碇區,104,0
新北市,石門區,104,1
新北市,萬里區,104,1
新北市,蘆洲區,104,15
新北市,貢寮區,104,2
新北市,金山區,104,1
新北市,雙溪區,104,0
新北市,鶯歌區,104,9
新北市,三峽區,105,19
新北市,三芝區,105,1
新北市,三重區,105,44
新北市,中和區,105,50
新北市,五股區,105,9
新北市,八里區,105,4
新北市,其他,105,0
新北市,土城區,105,25
新北市,坪林區,105,0
新北市,平溪區,105,1
新北市,新店區,105,34
新北市,新莊區,105,24
新北市,板橋區,105,54
新北市,林口區,105,5
新北市,樹林區,105,20
新北市,永和區,105,34
新北市,汐止區,105,31
新北市,泰山區,105,7
新北市,淡水區,105,18
新北市,深坑區,105,7
新北市,烏來區,105,0
新北市,瑞芳區,105,5
新北市,石碇區,105,2
新北市,石門區,105,2
新北市,萬里區,105,4
新北市,蘆洲區,105,28
新北市,貢寮區,105,0
新北市,金山區,105,0
新北市,雙溪區,105,2
新北市,鶯歌區,105,10
新北市,三峽區,106,14
新北市,三芝區,106,4
新北市,三重區,106,32
新北市,中和區,106,31
新北市,五股區,106,4
新北市,八里區,106,2
新北市,其他,106,0
新北市,土城區,106,14
新北市,坪林區,106,2
新北市,平溪區,106,1
新北市,新店區,106,18
新北市,新莊區,106,16
新北市,板橋區,106,37
新北市,林口區,106,5
新北市,樹林區,106,11
新北市,永和區,106,19
新北市,汐止區,106,16
新北市,泰山區,106,2
新北市,淡水區,106,6
新北市,深坑區,106,1
新北市,烏來區,106,1
新北市,瑞芳區,106,4
新北市,石碇區,106,0
新北市,石門區,106,3
新北市,萬里區,106,2
新北市,蘆洲區,106,11
新北市,貢寮區,106,1
新北市,金山區,106,0
新北市,雙溪區,106,0
新北市,鶯歌區,106,14
新北市,三峽區,107,10
新北市,三芝區,107,2
新北市,三重區,107,33
新北市,中和區,107,25
新北市,五股區,107,3
新北市,八里區,107,4
新北市,其他,107,0
新北市,土城區,107,9
新北市,坪林區,107,0
新北市,平溪區,107,0
新北市,新店區,107,22
新北市,新莊區,107,20
新北市,板橋區,107,23
新北市,林口區,107,7
新北市,樹林區,107,11
新北市,永和區,107,11
新北市,汐止區,107,14
新北市,泰山區,107,3
新北市,淡水區,107,19
新北市,深坑區,107,2
新北市,烏來區,107,0
新北市,瑞芳區,107,3
新北市,石碇區,107,1
新北市,石門區,107,1
新北市,萬里區,107,0
新北市,蘆洲區,107,16
新北市,貢寮區,107,1
新北市,金山區,107,0
新北市,雙溪區,107,0
新北市,鶯歌區,107,9
新北市,三峽區,108,29
新北市,三芝區,108,6
新北市,三重區,108,43
新北市,中和區,108,49
新北市,五股區,108,23
新北市,八里區,108,6
新北市,其他,108,0
新北市,土城區,108,28
新北市,坪林區,108,0
新北市,平溪區,108,0
新北市,新店區,108,37
新北市,新莊區,108,53
新北市,板橋區,108,61
新北市,林口區,108,7
新北市,樹林區,108,29
新北市,永和區,108,19
新北市,汐止區,108,30
新北市,泰山區,108,9
新北市,淡水區,108,19
新北市,深坑區,108,5
新北市,烏來區,108,0
新北市,瑞芳區,108,4
新北市,石碇區,108,1
新北市,石門區,108,1
新北市,萬里區,108,2
新北市,蘆洲區,108,26
新北市,貢寮區,108,3
新北市,金山區,108,0
新北市,雙溪區,108,0
新北市,鶯歌區,108,14
新北市,三峽區,109,5
新北市,三芝區,109,1
新北市,三重區,109,12
新北市,中和區,109,8
新北市,五股區,109,1
新北市,八里區,109,2
新北市,其他,109,0
新北市,土城區,109,2
新北市,坪林區,109,0
新北市,平溪區,109,0
新北市,新店區,109,10
新北市,新莊區,109,3
新北市,板橋區,109,10
新北市,林口區,109,0
新北市,樹林區,109,6
新北市,永和區,109,4
新北市,汐止區,109,3
新北市,泰山區,109,0
新北市,淡水區,109,9
新北市,深坑區,109,0
新北市,烏來區,109,2
新北市,瑞芳區,109,2
新北市,石碇區,109,2
新北市,石門區,109,2
新北市,萬里區,109,0
新北市,蘆洲區,109,1
新北市,貢寮區,109,0
新北市,金山區,109,1
新北市,雙溪區,109,0
新北市,鶯歌區,109,2
新北市,三峽區,110,5
新北市,三芝區,110,0
新北市,三重區,110,10
新北市,中和區,110,5
新北市,五股區,110,0
新北市,八里區,110,0
新北市,其他,110,0
新北市,土城區,110,6
新北市,坪林區,110,0
新北市,平溪區,110,0
新北市,新店區,110,5
新北市,新莊區,110,2
新北市,板橋區,110,2
新北市,林口區,110,0
新北市,樹林區,110,2
新北市,永和區,110,2
新北市,汐止區,110,5
新北市,泰山區,110,1
新北市,淡水區,110,6
新北市,深坑區,110,0
新北市,烏來區,110,1
新北市,瑞芳區,110,1
新北市,石碇區,110,1
新北市,石門區,110,1
新北市,萬里區,110,0
新北市,蘆洲區,110,6
新北市,貢寮區,110,0
新北市,金山區,110,0
新北市,雙溪區,110,0
新北市,鶯歌區,110,2
新北市,三峽區,111,3
新北市,三芝區,111,0
新北市,三重區,111,7
新北市,中和區,111,10
新北市,五股區,111,3
新北市,八里區,111,1
新北市,其他,111,0
新北市,土城區,111,1
新北市,坪林區,111,0
新北市,平溪區,111,0
新北市,新店區,111,6
新北市,新莊區,111,3
新北市,板橋區,111,10
新北市,林口區,111,3
新北市,樹林區,111,3
新北市,永和區,111,8
新北市,汐止區,111,7
新北市,泰山區,111,1
新北市,淡水區,111,5
新北市,深坑區,111,0
新北市,烏來區,111,1
新北市,瑞芳區,111,0
新北市,石碇區,111,0
新北市,石門區,111,1
新北市,萬里區,111,1
新北市,蘆洲區,111,3
新北市,貢寮區,111,1
新北市,金山區,111,0
新北市,雙溪區,111,0
新北市,鶯歌區,111,1
新北市,三峽區,112,7
新北市,三芝區,112,2
新北市,三重區,112,21
新北市,中和區,112,26
新北市,五股區,112,8
新北市,八里區,112,7
新北市,其他,112,0
新北市,土城區,112,11
新北市,坪林區,112,0
新北市,平溪區,112,0
新北市,新店區,112,20
新北市,新莊區,112,17
新北市,板橋區,112,29
新北市,林口區,112,10
新北市,樹林區,112,14
新北市,永和區,112,10
新北市,汐止區,112,20
新北市,泰山區,112,4
新北市,淡水區,112,9
新北市,深坑區,112,4
新北市,烏來區,112,0
新北市,瑞芳區,112,7
新北市,石碇區,112,0
新北市,石門區,112,0
新北市,萬里區,112,2
新北市,蘆洲區,112,16
新北市,貢寮區,112,1
新北市,金山區,112,3
新北市,雙溪區,112,0
新北市,鶯歌區,112,11
新北市,三峽區,113,28
新北市,三芝區,113,1
新北市,三重區,113,33
新北市,中和區,113,30
新北市,五股區,113,10
新北市,八里區,113,3
新北市,其他,113,0
新北市,土城區,113,18
新北市,坪林區,113,0
新北市,平溪區,113,0
新北市,新店區,113,22
新北市,新莊區,113,40
新北市,板橋區,113,41
新北市,林口區,113,7
新北市,樹林區,113,8
新北市,永和區,113,17
新北市,汐止區,113,25
新北市,泰山區,113,8
新北市,淡水區,113,25
新北市,深坑區,113,0
新北市,烏來區,113,0
新北市,瑞芳區,113,4
新北市,石碇區,113,2
新北市,石門區,113,1
新北市,萬里區,113,0
新北市,蘆洲區,113,11
新北市,貢寮區,113,1
新北市,金山區,113,1
新北市,雙溪區,113,0
新北市,鶯歌區,113,16
新北市,三峽區,114,25
新北市,三芝區,114,3
新北市,三重區,114,47
新北市,中和區,114,40
新北市,五股區,114,14
新北市,八里區,114,2
新北市,其他,114,0
新北市,土城區,114,15
新北市,坪林區,114,0
新北市,平溪區,114,1
新北市,新店區,114,40
新北市,新莊區,114,37
新北市,板橋區,114,36
新北市,林口區,114,8
新北市,樹林區,114,21
新北市,永和區,114,20
新北市,汐止區,114,28
新北市,泰山區,114,12
新北市,淡水區,114,27
新北市,深坑區,114,2
新北市,烏來區,114,0
新北市,瑞芳區,114,5
新北市,石碇區,114,0
新北市,石門區,114,1
新北市,萬里區,114,3
新北市,蘆洲區,114,30
新北市,貢寮區,114,0
新北市,金山區,114,1
新北市,雙溪區,114,0
新北市,鶯歌區,114,12
新北市,三峽區,115,1
新北市,三芝區,115,0
新北市,三重區,115,2
新北市,中和區,115,4
新北市,五股區,115,0
新北市,八里區,115,1
新北市,其他,115,0
新北市,土城區,115,1
新北市,坪林區,115,0
新北市,平溪區,115,0
新北市,新店區,115,3
新北市,新莊區,115,3
新北市,板橋區,115,5
新北市,林口區,115,3
新北市,樹林區,115,0
新北市,永和區,115,2
新北市,汐止區,115,3
新北市,泰山區,115,1
新北市,淡水區,115,1
新北市,深坑區,115,0
新北市,烏來區,115,0
新北市,瑞芳區,115,0
新北市,石碇區,115,0
新北市,石門區,115,0
新北市,萬里區,115,1
新北市,蘆洲區,115,2
新北市,貢寮區,115,0
新北市,金山區,115,0
新北市,雙溪區,115,0
新北市,鶯歌區,115,1
